{"accuracy": [0.6890000104904175, 0.8100000023841858, 0.878000020980835, 0.9169999957084656, 0.9369999766349792, 0.9490000009536743, 0.9739999771118164, 0.984000027179718, 0.9940000176429749, 0.9980000257492065, 0.9729999899864197, 0.9950000047683716, 0.9940000176429749, 0.9990000128746033, 0.9959999918937683, 0.996999979019165, 0.9980000257492065, 0.9990000128746033, 0.9980000257492065, 1.0, 0.9990000128746033, 0.9950000047683716, 0.9980000257492065, 0.996999979019165, 0.9980000257492065, 0.9959999918937683, 0.9990000128746033, 0.9990000128746033, 0.9990000128746033, 0.9959999918937683, 0.9990000128746033, 0.9990000128746033, 0.9990000128746033, 0.996999979019165, 1.0, 0.9959999918937683, 0.9990000128746033, 0.9990000128746033, 1.0, 1.0, 1.0, 1.0, 1.0, 0.9990000128746033, 0.9869999885559082, 0.984000027179718, 0.9980000257492065, 1.0, 0.9990000128746033, 0.9990000128746033], "loss": [0.5069831609725952, 0.3854880630970001, 0.3013657033443451, 0.2016533613204956, 0.15705028176307678, 0.1457691192626953, 0.08310877531766891, 0.050495486706495285, 0.036727700382471085, 0.019166242331266403, 0.0574231892824173, 0.01995440572500229, 0.019244782626628876, 0.012350319884717464, 0.013435522094368935, 0.013328958302736282, 0.011567977257072926, 0.007067040540277958, 0.005770058836787939, 0.002376844407990575, 0.005169666837900877, 0.016810130327939987, 0.016075285151600838, 0.012574209831655025, 0.0061773862689733505, 0.009728232398629189, 0.005024090874940157, 0.004586908966302872, 0.004911106079816818, 0.008429568260908127, 0.00901370495557785, 0.0060441577807068825, 0.00457150861620903, 0.007952376268804073, 0.005663139279931784, 0.009979975409805775, 0.005518381949514151, 0.0024016231764107943, 0.002227961551398039, 0.001068750279955566, 0.0014451612951233983, 0.0019800353329628706, 0.0018181507475674152, 0.003194377524778247, 0.03500490263104439, 0.04699023813009262, 0.010362615808844566, 0.003082734066992998, 0.004010196775197983, 0.0035730216186493635], "val_accuracy": [0.7200000286102295, 0.8450000286102295, 0.9049999713897705, 0.8650000095367432, 0.8899999856948853, 0.9300000071525574, 0.9399999976158142, 0.9300000071525574, 0.949999988079071, 0.9100000262260437, 0.9350000023841858, 0.925000011920929, 0.925000011920929, 0.9350000023841858, 0.925000011920929, 0.9399999976158142, 0.9350000023841858, 0.9399999976158142, 0.9350000023841858, 0.9350000023841858, 0.9350000023841858, 0.925000011920929, 0.9300000071525574, 0.9399999976158142, 0.9350000023841858, 0.9399999976158142, 0.9300000071525574, 0.9200000166893005, 0.9150000214576721, 0.9200000166893005, 0.9300000071525574, 0.925000011920929, 0.9399999976158142, 0.9449999928474426, 0.9549999833106995, 0.925000011920929, 0.9350000023841858, 0.9350000023841858, 0.9449999928474426, 0.9449999928474426, 0.9399999976158142, 0.9399999976158142, 0.9300000071525574, 0.9049999713897705, 0.9300000071525574, 0.9100000262260437, 0.9300000071525574, 0.9350000023841858, 0.925000011920929, 0.9300000071525574], "val_loss": [0.4176539182662964, 0.36206042766571045, 0.25304028391838074, 0.29925644397735596, 0.20346741378307343, 0.15948648750782013, 0.15110009908676147, 0.17255893349647522, 0.13718867301940918, 0.28969109058380127, 0.1579626202583313, 0.21615402400493622, 0.28598761558532715, 0.24290527403354645, 0.2607888877391815, 0.20110709965229034, 0.2022816240787506, 0.21099920570850372, 0.2072545886039734, 0.2440459430217743, 0.22219642996788025, 0.25823673605918884, 0.22877372801303864, 0.24508385360240936, 0.21659627556800842, 0.21188931167125702, 0.2238057255744934, 0.24492374062538147, 0.3520573079586029, 0.30577006936073303, 0.24416227638721466, 0.28857919573783875, 0.2399582862854004, 0.24631397426128387, 0.23264020681381226, 0.3398140072822571, 0.3144727349281311, 0.2916713356971741, 0.32519394159317017, 0.33064335584640503, 0.3568452000617981, 0.3285893499851227, 0.34026822447776794, 0.5141691565513611, 0.28353166580200195, 0.2908274233341217, 0.22127480804920197, 0.2611052691936493, 0.37353840470314026, 0.29901373386383057]}